epoch,train_loss,eval_loss,eval_accuracy,eval_precision,eval_recall,eval_f1_score
0,6.877996669570056,6.837,0.002,0.0,0.002,0.0
1,6.789361753771382,6.658,0.004,0.0,0.004,0.0
2,6.4521855282527145,6.19,0.015,0.006,0.015,0.005
epoch,train_loss,eval_loss,eval_accuracy,eval_precision,eval_recall,eval_f1_score
3,5.89525544258856,5.549,0.043,0.034,0.043,0.024
4,5.380566226355675,5.212,0.07,0.073,0.07,0.051
