epoch,train_loss,eval_loss,eval_accuracy,eval_precision,eval_recall,eval_f1_score
0,6.260392651998168,5.134,0.076,0.071,0.076,0.054
1,4.573992101051253,4.018,0.2,0.227,0.2,0.179
2,3.917026032503846,3.605,0.26,0.29,0.26,0.242
3,3.622462113055108,3.443,0.283,0.32,0.283,0.268
