epoch,train_loss,eval_loss,eval_accuracy,eval_precision,eval_recall,eval_f1_score
0,7.067456241813479,7.072,0.001,0.001,0.001,0.0
1,6.828579400370924,6.607,0.011,0.005,0.011,0.003
2,6.631113265864006,6.174,0.033,0.017,0.033,0.016
3,6.487546472274306,5.937,0.048,0.036,0.048,0.027
