epoch,train_loss,eval_loss,eval_accuracy,eval_precision,eval_recall,eval_f1_score
0,6.922457643621545,6.922,0.001,0.0,0.001,0.0
1,6.9090665141455565,6.903,0.001,0.0,0.001,0.0
2,6.857986082990679,6.748,0.003,0.0,0.003,0.0
3,6.777574586496651,6.504,0.007,0.0,0.007,0.001
