epoch,train_loss,eval_loss,eval_accuracy,eval_precision,eval_recall,eval_f1_score
0,6.921711184900347,6.922,0.001,0.0,0.001,0.0
1,6.913006882492206,6.91,0.002,0.0,0.002,0.0
2,6.8716202266305855,6.768,0.003,0.0,0.003,0.0
3,6.779459929961762,6.488,0.007,0.0,0.007,0.001
4,6.5681858084661116,6.112,0.02,0.009,0.02,0.007
5,6.346191714421736,5.762,0.041,0.03,0.041,0.023
6,6.181040012769753,5.468,0.065,0.062,0.065,0.042
